7	7	constant	-	std
8	8	constant	-	builtin
9	9	constant	-	log
10	10	constant	-	wgpu
11	11	constant	-	bu
12	12	constant	-	shaders
13	13	constant	-	terrain_grid
14	14	constant	-	core
15	15	constant	-	capture
16	16	constant	-	build_options
17	17	constant	-	math
18	18	constant	-	layout
19	19	constant	-	effect_assemble
20	20	constant	-	compile_progress
21	21	constant	-	static_instance_policy
22	22	constant	-	model_paint
23	23	constant	-	gizmo_axis_map
24	24	constant	-	effects_ctx
25	25	constant	-	paint_islands_mod
26	26	constant	-	paint_program
27	27	constant	-	model_source
28	28	constant	-	meshdoc_format
29	29	constant	-	mesh_audit
30	30	constant	-	mesh_face_table
31	31	constant	-	mesh_face_diff
32	32	constant	-	mesh_face_field_candidate
33	33	constant	-	mesh_face_table_package
34	34	constant	-	mesh_face_table_worker
35	35	constant	-	historical_preview
36	36	constant	-	mesh_edit
37	37	constant	-	mesh_semantics
38	38	constant	-	mesh_semantic_restore
39	39	constant	-	mesh_edge_semantics
40	40	constant	-	indexed_edit_mesh
41	41	constant	-	character_topology_promotion
42	42	constant	-	mesh_journal_log
43	43	constant	-	model_write_lease
44	44	constant	-	model_adoption_receipt
45	45	constant	-	model_adoption_finalize
46	46	constant	-	path_array
47	47	constant	-	path_plane
48	48	constant	-	stage_scale
49	49	constant	-	pack
50	50	constant	-	stable_geometry_slot
51	51	constant	-	character_rig_session
52	52	constant	-	character_skin_binding
53	53	constant	-	character_specimen
54	54	constant	-	mouse_state
55	55	constant	-	Node
57	57	constant	pub	PrimitiveSemanticKind
75	82	constant	-	Vertex
88	109	constant	-	SceneUniforms
124	129	constant	-	InstanceData
144	144	constant	-	SLIM_SCALE_MAX
145	150	constant	-	SlimInstance
152	165	comptime_block	-	(anon)
173	184	constant	-	Light
190	190	constant	-	MAX_LIGHTS
192	196	comptime_block	-	(anon)
200	206	constant	-	ShadowUniforms
210	210	constant	-	SHADOW_MAP_SIZE
214	228	constant	-	SkyUniforms
230	238	comptime_block	-	(anon)
253	253	constant	-	MAX_FRAME_VERTS
299	299	constant	-	MAX_BUFFER_BYTES
300	300	constant	-	MAX_BUFFER_VERTS
301	301	constant	-	MAX_RETAINED_VERTS
302	302	constant	-	GEO_CACHE_SIZE
303	315	constant	-	GeoEntry
316	316	variable	-	g_geo_cache
317	317	variable	-	g_geo_cache_len
318	318	variable	-	g_retained_top
324	326	function	pub	retainedGeometryBytes
328	338	constant	pub	GpuMemoryStats
344	373	function	pub	gpuMemoryStats
382	382	constant	-	HOST_MESH_STASH
383	389	constant	-	HostMeshStash
390	390	variable	-	g_host_stash
394	402	function	pub	hostStashBytes
408	425	function	-	installHostMeshCopy
427	435	function	pub	stashHostMesh
439	452	function	-	internFromStash
461	474	constant	-	Orbit
475	475	variable	-	g_orbit
476	476	variable	-	g_historical_preview
477	477	variable	-	g_historical_preview_saved_orbit
479	481	function	-	residentMutationAllowed
484	486	function	pub	orbitSetLocked
494	496	function	pub	orbitPose
501	508	function	pub	orbitSetPose
512	517	function	pub	orbitFrame
519	522	function	pub	meshLiveFrame
527	532	function	pub	orbitFrameCurrent
536	536	constant	-	ORBIT_PITCH_LIM
538	543	function	pub	orbitDrag
546	550	function	pub	orbitZoom
551	558	function	-	orbitCamPos
564	575	function	pub	orbitPan
578	580	function	pub	orbitFocus
584	591	function	pub	focusAt
596	596	variable	-	g_paint_eye
597	597	variable	-	g_paint_target
598	598	variable	-	g_paint_fov
599	599	variable	-	g_paint_vp_w
600	600	variable	-	g_paint_vp_h
607	607	variable	-	g_paint_vp_x
608	608	variable	-	g_paint_vp_y
609	611	function	-	vpLocalX
612	614	function	-	vpLocalY
615	615	variable	-	g_paint_probed
616	616	variable	-	g_paint_probe_enabled
617	617	variable	-	g_edit_key_hash
618	618	variable	-	g_edit_key
619	619	variable	-	g_edit_verts
620	620	variable	-	g_edit_count
623	623	variable	-	g_edit_generation
628	628	variable	-	g_edit_geometry_generation
631	631	variable	-	g_face_table_worker
636	636	variable	-	g_save_displayed_projection
640	640	variable	-	g_indexed_edit_mesh
641	641	variable	-	g_guard_before
642	642	variable	-	g_guard_indexed_before
643	643	variable	-	g_guard_pending
644	644	variable	-	g_guard_bad_faces
645	645	variable	-	g_guard_face_count
646	646	variable	-	g_guard_bad_list
647	647	variable	-	g_guard_can_split
649	652	function	-	clearIndexedEditMesh
654	658	function	-	flattenedLogicalRows
660	679	function	-	adoptIndexedEditMesh
687	687	variable	-	g_topo_refusal
689	691	function	pub	topoRefusal
693	695	function	-	topoRefuse
697	697	variable	-	g_topo_refusal_buf
702	712	function	-	topoRefuseIndexedError
714	776	function	-	cloneIndexedEditMeshOrImport
778	814	function	-	ensureIndexedEditMesh
816	819	constant	pub	CharacterRigOpenPreparation
821	821	constant	-	EMPTY_SEMANTIC_TABLE_JSON
832	948	function	pub	characterRigPrepareOpenTopology
950	961	function	-	clearMeshGuardSnapshot
966	966	variable	-	g_curve_pull_preserve_gizmo_guard
968	974	function	-	clearActiveEditGeometry
976	985	function	-	clearActiveEditMesh
987	995	function	-	bumpEditRevision
997	1005	function	-	bumpEditGeometryGeneration
1007	1009	function	-	geometryGeneration
1011	1028	function	-	normalOf
1030	1059	function	-	copyPaintPositionsToEditVerts
1061	1100	function	-	patchActiveEditMesh
1107	1124	function	-	queueActiveEditMeshUpload
1126	1159	function	-	applyMeshMutation
1165	1193	function	pub	setPaintTarget
1199	1212	function	-	setPaintTargetForGeneration
1218	1223	function	pub	setQualityPaintTarget
1225	1227	function	pub	meshEditActiveKey
1228	1230	function	pub	meshEditActiveCount
1231	1233	function	pub	meshEditGeneration
1239	1275	constant	pub	test_support
1280	1284	function	pub	stashActiveEditMesh
1287	1289	function	pub	paintAtlasImportDimensionsFit
1294	1300	function	pub	meshEditBeginModel
1302	1305	function	-	appendFloats
1307	1310	function	-	appendVertex
1312	1315	function	-	appendTri
1317	1335	function	-	appendTriWithUvs
1342	1408	function	-	installMirrorSynchronizedTriangulation
1410	1413	function	-	triArea2
1415	1422	function	-	appendQuadSplit
1424	1429	function	-	appendTriFacing
1431	1444	function	-	appendQuadSplitFacing
1455	1462	function	-	trueFaceColor
1472	1484	function	-	collectCurrentFaceColors
1489	1497	function	-	restoreFaceColorMetadata
1499	1518	function	-	applyCarriedFaceColors
1523	1532	function	-	applyExactFaceColors
1537	1544	function	-	applyExactSourceFaceColors
1546	1566	constant	-	LogicalTopologyReplacement
1568	1579	function	-	logicalReplacementExactOrAbsent
1584	1595	function	-	logicalReplacementForJournalRestore
1601	1671	constant	-	LogicalRowsBuilder
1673	1673	constant	-	LogicalCloneKey
1674	1687	constant	-	LogicalCloneMap
1689	1698	function	-	appendTriLogical
1700	1713	function	-	appendTriFacingLogical
1715	1732	function	-	appendQuadSplitLogical
1734	1749	function	-	appendQuadSplitFacingLogical
1759	1767	constant	-	LogicalIdFailure
1768	1768	variable	-	g_last_logical_id_failure
1770	1797	function	-	stableLogicalIdForEditVertex
1799	1801	function	-	logicalIdForEditVertex
1814	1858	function	-	fillCornerLogicalId
1860	1876	function	-	editVertexForStableLogicalId
1878	1885	constant	-	EdgeLogicalPromotion
1887	1900	function	-	rollbackEdgeLogicalPromotion
1906	1993	function	-	mintLegacyLogicalTopologyForEdgeAuthoring
1998	2009	function	-	prepareLogicalTopologyForEdgeAuthoring
2014	2032	function	-	edgeSemanticTableResolvesInCurrentDocument
2034	2047	function	-	mirroredLogicalId
2053	2082	function	-	appendFreshIndependentSoupLogical
2084	2111	function	-	logicalReplacementPreflight
2113	2140	function	-	replaceSourceGeometryWithLogical
2142	2215	function	-	replaceActiveEditMesh
2221	2284	function	-	replaceActiveEditMeshPreservingAtlas
2286	2288	function	-	edgeSharesVertex
2290	2293	function	-	dist2
2295	2300	function	-	appendCurrentDisplayed
2302	2311	constant	-	FaceExtrudeEntity
2313	2318	constant	-	SemanticMintIntent
2319	2319	variable	-	g_semantic_mint_intent
2321	2324	function	-	semanticMintIntentClear
2329	2338	function	pub	meshSemanticExtrudeIntentSet
2340	2345	function	-	faceExtrudePosKey
2347	2349	function	-	faceEntityContains
2351	2351	constant	-	FaceExtrudeBoundaryPoint
2353	2418	function	-	chainExtrudeBoundary
2420	2433	function	-	faceLoopNormal
2435	2440	function	-	faceLoopCentroid
2442	2445	function	-	appendFaceColor
2457	2487	function	-	adoptAppendedFaces
2501	2556	constant	-	mirror_corners
2560	2564	function	-	authoredFaceIdOf
2566	2640	function	-	extendFaceMaskWithMirrorTwins
2642	2870	function	pub	meshTopoExtrudeFace
2888	3221	function	-	meshTopoExtrudeRegion
3225	3227	function	-	selectWeldedEdgeAt
3233	3245	function	-	pointWeldsIntoResidentSoup
3248	3255	function	-	mirrorReflectPoint
3264	3288	function	-	extrudeDistanceClearOfResidentVerts
3290	3502	function	pub	meshTopoExtrudeEdge
3504	3510	function	-	findUniqueIndex
3512	3517	function	-	edgeConnects
3519	3562	function	-	closedEdgeLoopOrder
3573	3573	constant	-	BRIDGE_RUN_MAX_EDGES
3575	3582	constant	-	BridgeRun
3584	3584	constant	-	BridgeRunPair
3590	3657	function	-	decomposeBridgeRunPair
3665	3780	function	pub	meshTopoExtrudeToScreen
3788	3791	function	-	refuseCreateFace
3793	3794	constant	-	MISSING_LOGICAL_ROW
3795	3796	constant	-	MIRROR_ROW_REFUSAL
3801	3822	function	-	refuseCreateFaceMissingLogicalRow
3824	4238	function	pub	meshTopoCreateFaceFromEdges
4249	4252	function	-	hostPartCount
4256	4264	function	-	capturePartOfFaces
4270	4287	function	-	repartitionLogicalTopologyByCurrentParts
4295	4327	function	-	renormalizePartRanges
4337	4378	function	-	ensureDisjointPartRanges
4384	4440	function	pub	meshTopoLoopCut
4444	4506	function	pub	meshTopoConnectVertices
4519	4522	function	pub	meshSymmetryReport
4527	4527	constant	-	SYMMETRIZE_PART_PLANE_QUANTUM_M
4537	4620	function	pub	meshTopoSymmetrize
4627	4671	constant	-	LcSession
4672	4672	variable	-	g_lc
4676	4676	constant	-	LC_SNAP_WORLD
4678	4689	function	-	lcFree
4693	4698	function	-	domAxis
4704	4719	function	-	lcPlanes
4724	4793	function	-	lcInstallLowered
4795	4795	constant	pub	LcInfo
4801	4925	function	pub	meshLoopCutFaceBegin
4930	5014	function	pub	meshLoopCutFacePreview
5020	5100	function	pub	meshLoopCutFaceEnd
5106	5108	function	pub	meshLcActive
5110	5116	constant	pub	LcState
5120	5129	function	pub	meshLcState
5131	5134	function	pub	meshLcFallbackReason
5144	5159	function	-	marqueePlane
5164	5333	function	pub	meshTopoMarqueeCut
5339	5339	constant	-	BevelSessionKind
5340	5365	constant	-	BevelSession
5366	5366	variable	-	g_bevel
5368	5381	function	-	bevelFree
5383	5392	constant	pub	BevelInfo
5398	5653	function	pub	meshBevelBegin
5658	5759	function	pub	meshBevelPreview
5764	5863	function	pub	meshBevelEnd
5865	5868	function	pub	meshBevelFallbackReason
5877	5906	function	pub	meshDeleteSelection
5913	5990	function	pub	meshTopoWeldSelection
5992	5997	constant	pub	MeshRetopoWeldPairsRequest
5999	5999	constant	pub	MeshRetopoNormalizeWidthsRequest
6006	6084	function	pub	meshRetopoWeldPairs
6089	6096	function	pub	meshRetopoNormalizeWidths
6099	6111	function	-	weldTriangleDegenerate
6117	6146	function	-	maskMalformedWeldFaceGroups
6152	6174	function	pub	meshDeleteGroupRange
6179	6188	function	-	beginPaintRasterCarry
6190	6192	function	-	cancelPaintRasterCarry
6199	6202	function	-	beginPaintStableReplace
6204	6207	function	-	cancelPaintStableReplace
6209	6226	function	-	paintStableJournalLabel
6228	6230	function	-	deleteMaskedFaces
6237	6399	function	-	rebuildMaskedFaces
6402	6408	function	-	captureFaceGroups
6412	6420	function	-	captureFaceMaterials
6422	6431	constant	-	SemanticRows
6436	6455	function	-	captureFaceSemantics
6457	6460	function	-	optionalU32SlicesEqual
6462	6465	function	-	optionalU8SlicesEqual
6467	6483	function	-	hiddenModelStateHash
6489	6643	constant	-	ResidentMetadataGuard
6645	6651	function	-	maxGroupId
6659	6668	function	-	nextFreeGroupId
6670	6670	constant	pub	AppendResult
6678	6710	function	pub	meshAppendGroup
6714	6721	function	pub	meshAppendPathPlane
6729	6736	function	pub	meshAppendPathWire
6738	6897	function	-	appendGroupInner
6901	6913	constant	-	HiddenGroup
6914	6914	variable	-	g_hidden_groups
6916	6925	function	-	freeHiddenGroup
6927	6930	function	-	clearHiddenGroups
6939	6939	variable	-	g_exact_indexed_save_promotion_refusal
6941	6947	function	-	refuseExactIndexedCacheForSave
6949	7003	function	-	promoteLogicalTopologyFromExactIndexedCacheForSave
7005	7072	function	-	composeDocumentSnapshot
7076	7085	function	pub	modelDocumentSnapshot
7087	7091	constant	-	ModelRecoverySnapshotResult
7093	7096	function	-	fullSemanticTableLossCount
7098	7101	constant	-	RecoveredSemanticTable
7103	7126	function	-	recoverSemanticTableForSnapshotAlloc
7134	7200	function	-	modelRecoverySnapshotWithReceipt
7202	7205	function	pub	modelRecoverySnapshot
7207	7212	constant	pub	CurrentDocumentEncodeError
7214	7219	constant	pub	RecoveryCaptureDegradation
7221	7239	constant	pub	RecoveryCaptureArtifact
7241	7249	function	-	recoveryCaptureAppend
7251	7256	function	-	recoveryActionBits
7258	7286	function	-	recoveryCaptureAppendComposition
7291	7405	function	pub	captureRecoveryArtifactAlloc
7410	7442	function	pub	modelEncodeCurrentDocumentAlloc
7446	7448	function	pub	paintedDocumentSnapshot
7453	7464	function	pub	meshSetGroupHidden
7466	7641	function	-	hideGroup
7643	7734	function	-	showGroup
7739	7760	function	pub	meshSurvivingGroups
7773	7773	constant	-	jalloc
7775	7787	constant	-	JournalHidden
7788	7792	constant	-	JournalAtlas
7793	7805	constant	-	JournalSelection
7806	7847	constant	-	JournalEntry
7849	7858	function	-	freeJournalHidden
7860	7889	function	-	cloneJournalHidden
7891	7920	function	-	cloneHiddenGroup
7921	7921	constant	-	JOURNAL_CAP
7922	7922	constant	-	JOURNAL_BYTE_BUDGET
7926	7926	constant	-	JOURNAL_ATLAS_BYTE_CAP
7927	7927	constant	pub	MESH_ACTION_CAP
7928	7928	constant	pub	MeshActionEvent
7929	7929	variable	-	g_journal_undo
7930	7930	variable	-	g_journal_redo
7931	7931	variable	-	g_journal_note
7932	7932	variable	-	g_gizmo_snap
7933	7933	variable	-	g_mesh_action_events
7934	7934	variable	-	g_mesh_action_len
7935	7935	variable	-	g_mesh_action_seq
7936	7936	variable	-	g_last_committed_action_id
7937	7937	variable	-	g_mesh_action_dropped
7938	7938	variable	-	g_mesh_action_document_token
7939	7939	variable	-	g_mesh_action_source
7940	7940	variable	-	g_follow_action_queue
7941	7941	variable	-	g_model_write_leases
7942	7942	variable	-	g_model_adoption_receipts
7945	7945	variable	-	g_authorized_model_write_receipt
7947	7951	function	-	activeLeaseModelId
7953	7953	constant	-	MutationLease
7955	7977	function	-	acquireMutationLease
7979	7982	function	-	releaseMutationLease
7984	8019	function	-	captureJournalSelection
8021	8045	function	-	restoreJournalSelection
8047	8049	function	-	partCountFromRanges
8051	8053	function	-	currentPartCount
8055	8084	function	-	enqueueMeshAction
8092	8121	function	-	enqueueFollowJournalAction
8123	8125	function	pub	meshActionSourceSet
8127	8129	function	pub	meshActionDocumentSet
8131	8156	function	pub	meshActionDrain
8158	8194	function	-	journalEntryBytes
8196	8224	function	-	journalFreeEntry
8226	8229	function	-	journalFreeStack
8231	8243	function	-	cloneStringRows
8245	8445	function	-	journalSnapshotCurrentInner
8447	8449	function	-	journalSnapshotCurrent
8451	8453	function	-	journalSnapshotForNewAction
8471	8471	variable	-	g_integrity_pending
8472	8472	variable	-	g_integrity_strikes
8473	8473	variable	-	g_integrity_label_buf
8474	8474	variable	-	g_integrity_label_len
8476	8482	function	-	armIntegrityRollCall
8489	8512	function	-	canonicalFaceBits
8522	8612	function	-	meshIntegrityCheck
8616	8680	function	-	journalCommit
8683	8689	function	-	journalDiscard
8693	8719	function	-	journalDropLast
8722	8743	function	pub	meshJournalClear
8745	8751	function	pub	meshJournalNoteSet
8753	8755	function	pub	meshJournalNoteGet
8757	8759	function	pub	meshJournalCounts
8764	8780	function	pub	meshJournalMetadataCheckpoint
8782	8784	function	pub	meshJournalMetadataCheckpointLabel
8786	8798	function	-	journalLogEntryView
8800	8824	function	-	journalCurrentStateBytes
8829	8880	function	pub	meshJournalLogJson
8888	8910	function	pub	modelSessionJson
8912	8915	function	pub	meshUndoLabel
8916	8919	function	pub	meshRedoLabel
8921	8936	function	-	journalInstallUv
8938	8954	function	-	journalInstallAtlas
8959	8972	function	-	journalInstallPaint
8974	8978	function	-	journalInstallRetopoGuide
8980	8986	function	-	journalInstallUvZones
8991	9049	function	-	journalMeshPreflight
9051	9054	function	-	optionalU32RowsEqual
9056	9059	function	-	optionalBytesEqual
9061	9105	function	-	journalSelectionMatches
9110	9142	function	-	journalResidentDurableMatches
9144	9146	function	-	cloneOptionalU32Rows
9150	9231	function	-	journalEntryFromDocument
9235	9353	function	-	journalInstall
9355	9410	function	-	journalStep
9412	9415	function	pub	meshUndo
9416	9419	function	pub	meshRedo
9428	9537	function	pub	meshDuplicateGroupRange
9539	9539	constant	pub	PathArrayAxis
9540	9540	constant	pub	PathArrayProfile
9541	9541	constant	pub	PathArrayParams
9542	9548	constant	pub	PathArrayResult
9550	9552	function	-	pathArrayFail
9554	9556	function	-	knownPartRange
9558	9564	function	-	sourceRangeIndex
9566	9568	function	-	pathDot
9572	9599	function	pub	meshPathArrayHorizontalSpans
9605	9607	function	pub	meshPathArray
9609	9618	function	pub	meshPathArrayPoints
9620	9819	function	-	meshPathArrayInner
9826	9903	function	pub	meshDetachSelection
9909	9976	function	pub	meshMergeGroupRanges
9983	9985	function	pub	normalizeSoupWinding
9992	10053	function	pub	meshFlipSelectionWinding
10058	10114	function	-	commitIndexedFaceGrouping
10128	10269	function	pub	meshMergeSelectedFaces
10283	10289	constant	pub	MirrorQuadStats
10291	10554	function	pub	meshMirrorMatchQuads
10562	10609	function	pub	meshMirrorReplaceSelection
10615	10629	constant	-	QuadifySession
10630	10630	variable	-	g_quadify
10632	10634	constant	pub	QuadifyBeginInfo
10636	10639	constant	pub	QuadifyEndInfo
10641	10651	function	-	quadifyRelease
10653	10657	function	-	quadifyDrop
10659	10671	function	-	quadifyRestoreBase
10673	10706	function	-	quadifyInstallPreview
10710	10770	function	pub	meshQuadifyBegin
10774	10801	function	pub	meshQuadifyPreview
10805	10845	function	pub	meshQuadifyEnd
10850	10862	function	pub	meshTrianglesToQuads
10868	10913	function	pub	meshSetSelectionGlass
10927	10946	function	pub	meshRestoreGlass
10951	11078	function	-	partitionGlassFaces
11082	11097	function	-	ensureGlassTrailing
11101	11108	function	-	editGlassFirstVert
11113	11123	function	pub	modelGlassFirstVertex
11132	11374	function	pub	meshSolidifySelection
11376	11383	function	-	faceCrossFromPositions
11394	11414	function	-	guardSplitPossible
11421	11481	function	-	guardSplitQuads
11488	11488	variable	-	g_curve_pull_armed
11489	11489	variable	-	g_curve_pull_source_ids
11490	11490	variable	-	g_curve_pull_source_base
11491	11491	variable	-	g_curve_pull_source_params
11492	11492	variable	-	g_curve_pull_source_grab
11493	11493	variable	-	g_curve_pull_source_mode
11494	11494	variable	-	g_curve_pull_source_part
11495	11495	variable	-	g_curve_pull_base_colors
11496	11496	variable	-	g_curve_pull_had_groups
11497	11497	variable	-	g_curve_pull_part_count
11498	11498	variable	-	g_curve_pull_mirror_points
11499	11499	variable	-	g_curve_pull_mirror_count
11500	11500	variable	-	g_curve_pull_mirror_parts
11501	11501	variable	-	g_curve_pull_cuts
11502	11502	variable	-	g_curve_pull_topology_changed
11504	11524	function	-	curvePullAdaptiveReset
11526	11536	function	-	curvePullPointsSame
11538	11550	function	-	curvePullAdaptiveSource
11555	11639	function	-	curvePullAdaptiveCapture
11644	11702	function	-	curvePullAdaptiveRebuild
11704	11711	function	pub	meshCurvePullArm
11713	11715	function	pub	meshCurvePullArmed
11717	11733	function	pub	meshGizmoBegin
11738	11748	function	pub	meshGizmoGrabAt
11750	11799	function	pub	meshGizmoFinish
11801	11803	function	pub	meshEditGuardInfo
11805	11846	function	pub	meshEditGuardResolve
11854	11854	variable	-	g_me_capture
11855	11855	variable	-	g_me_focus_tool
11859	11859	variable	-	g_stage_overlay_options
11863	11863	variable	-	g_retopo_band_plan
11867	11867	variable	-	g_retopo_manual_bands
11868	11879	constant	-	RetopoSourceGhost
11883	11883	variable	-	g_retopo_source_ghost
11887	11887	variable	-	g_retopo_pending_band
11888	11888	variable	-	g_retopo_pending_band_generation
11889	11889	constant	-	GizmoTool
11891	11891	constant	-	RETOPO_BAND_TINT_ALPHA
11892	11892	constant	-	RETOPO_GHOST_TINT_ALPHA
11893	11898	constant	-	RETOPO_BAND_PALETTE
11900	11918	function	-	cloneRetopoGuide
11920	11923	function	-	restoreRetopoGuideAndDiscard
11925	11927	function	-	retopoBandColor
11929	11933	function	-	clearRetopoBandPlan
11935	11941	function	-	clearRetopoManualBands
11943	11947	function	-	clearRetopoSourceGhost
11949	11965	function	-	captureRetopoSourceGhost
11967	11975	function	-	ensureRetopoSourceGhost
11987	11987	variable	-	g_uv_zone
11989	11989	constant	pub	UV_ZONE_UNASSIGNED
11991	11999	function	-	prepareZoneInheritance
12001	12009	function	-	prepareZoneCompaction
12011	12018	function	-	prepareZoneAppend
12020	12026	function	-	commitZoneCarry
12028	12030	function	-	prepareRetopoBandInheritance
12032	12034	function	-	prepareRetopoBandCompaction
12036	12038	function	-	prepareRetopoBandAppend
12046	12048	function	-	uvZoneFaceCount
12053	12055	function	-	publishUvZoneMask
12057	12070	function	-	ensureUvZoneRow
12076	12095	function	pub	uvZoneAssignSelection
12098	12101	function	pub	uvZoneOfFace
12104	12115	function	pub	uvZoneDelete
12119	12129	function	pub	uvZoneCounts
12131	12138	function	pub	uvZoneClearAll
12143	12147	function	-	commitRetopoBandCarry
12149	12154	function	-	clearRetopoBandPreview
12160	12176	function	pub	meshRetopoGuideSnapshot
12181	12209	function	pub	meshRetopoGuideRestore
12210	12210	variable	-	g_gizmo_tool
12211	12213	function	pub	setMeshEditCapture
12214	12216	function	pub	meshEditCapturing
12217	12219	function	pub	setMeshEditFocusTool
12220	12222	function	pub	meshEditFocusTool
12223	12229	function	pub	setMeshGizmoTool
12230	12232	function	pub	meshGizmoToolRaw
12235	12237	function	pub	meshEditModeRaw
12239	12246	function	pub	meshEditSetMode
12249	12251	function	pub	meshEditSetXray
12252	12254	function	pub	meshEditXray
12256	12258	function	pub	meshEditSetMirror
12259	12261	function	pub	meshEditMirrorRaw
12268	12268	variable	-	g_paint_session
12272	12272	variable	-	g_paint_layout_stale
12274	12276	function	pub	paintLayoutStale
12281	12285	function	pub	invalidatePaintLayout
12287	12302	function	pub	setPaintSession
12303	12305	function	pub	paintSessionActive
12308	12351	function	pub	meshEditPick
12356	12362	function	pub	meshEditPathPick
12365	12369	function	pub	meshEditInvert
12373	12375	function	pub	meshEditSelectionCount
12381	12381	constant	pub	CHARACTER_RIG_SKIN_HOST_KEY
12382	12382	constant	-	CHARACTER_RIG_BONE_CAP
12383	12383	constant	-	CHARACTER_RIG_NAME_BYTES
12384	12384	constant	-	CHARACTER_RIG_PALETTE_FLOATS
12385	12385	constant	-	CHARACTER_RIG_JOINT_HIT_RADIUS_PX
12387	12396	constant	-	CharacterRigGpuBone
12398	12424	constant	-	CharacterRigGpuState
12426	12426	variable	-	g_character_rig
12428	12437	constant	-	CharacterRigGizmoDrag
12439	12444	constant	pub	CharacterRigGizmoCommit
12446	12446	variable	-	g_character_rig_gizmo
12448	12455	function	-	characterRigReleaseSkin
12457	12461	function	pub	characterRigClearViewport
12463	12469	function	-	characterRigGeometryFingerprint
12471	12519	function	-	characterRigBuildSkin
12521	12555	function	-	characterRigFrameSpecimens
12557	12623	function	pub	characterRigSyncViewport
12625	12631	constant	-	CharacterRigSkinSource
12633	12647	function	-	characterRigSkinSource
12649	12655	function	-	characterRigTransformPoint
12657	12661	function	-	characterRigWorldPoint
12663	12665	function	-	characterRigOrigin
12667	12678	function	-	characterRigParentAxis
12680	12687	function	-	characterRigGizmoPivot
12689	12696	function	-	characterRigQuatMultiply
12698	12702	function	-	characterRigQuatNormalize
12704	12706	function	pub	characterRigActive
12710	12742	function	pub	characterRigGizmoHit
12744	12757	function	pub	characterRigGizmoBegin
12759	12780	function	pub	characterRigGizmoDrag
12782	12784	function	pub	characterRigGizmoCancel
12786	12808	function	pub	characterRigGizmoEnd
12810	12856	function	-	characterRigDrawSkeleton
12858	12886	function	-	characterRigDrawHoveredName
12888	12924	function	-	characterRigDrawGizmo
12926	12947	function	-	drawCharacterRigOverlay
12949	12980	function	-	characterRigBoneHitInSkeleton
12982	13005	function	-	characterRigJointHoverInSkeleton
13007	13034	function	-	characterRigHoveredJointAt
13036	13038	function	-	characterRigUpdateHoveredJoint
13040	13048	function	pub	characterRigPickBone
13053	13067	function	pub	characterRigPickLogicalVertex
13072	13079	function	pub	meshEditOutOfScopePartAt
13080	13082	function	pub	meshEditClear
13085	13088	function	pub	meshEditSelectAll
13090	13090	variable	-	g_mq_active
13091	13091	variable	-	g_mq
13092	13095	function	pub	meshSetMarquee
13096	13098	function	pub	meshClearMarquee
13103	13103	constant	-	OV_ORANGE
13104	13104	constant	-	OV_HALO
13105	13105	constant	-	OV_MARQUEE
13114	13114	constant	-	GIZMO_X
13115	13115	constant	-	GIZMO_Y
13116	13116	constant	-	GIZMO_Z
13117	13117	constant	-	GIZMO_ACTIVE
13118	13118	constant	-	GIZMO_HUB_RIM
13119	13119	constant	-	GIZMO_HUB_FILL
13120	13120	constant	-	GIZMO_DARK
13121	13121	constant	-	GIZMO_ARM_PX
13122	13122	constant	-	GIZMO_HEAD_PX
13123	13123	constant	-	GIZMO_CENTER_PX
13124	13124	constant	-	GIZMO_SHAFT_W
13125	13125	constant	-	GIZMO_UNIFORM_CODE
13127	13127	constant	-	GIZMO_NEG_BASE
13128	13128	constant	-	GIZMO_STEP_UNIFORM
13129	13129	constant	-	GIZMO_STEP_UNIFORM_FINE
13130	13130	constant	-	GIZMO_HIT_PX
13131	13131	constant	-	OV_MAX_VERT_DOTS
13133	13133	constant	-	OV_EDGE
13134	13134	constant	-	OV_WIRE
13137	13137	constant	-	OV_MAX_EDGE_LINES
13143	13143	constant	-	OV_FACE_TINT
13144	13144	constant	-	OV_FACE_TINT_SEL
13148	13148	constant	-	OV_FACE_TINT_GLASS
13149	13149	constant	-	OV_FACE_DOT
13150	13150	constant	-	OV_FACE_DOT_GLASS
13151	13151	constant	-	OV_FACE_DOT_PX
13152	13152	constant	-	OV_FACE_DOT_GLASS_PX
13153	13153	constant	-	OV_FACE_DOT_GLASS_SEL_PX
13154	13154	constant	-	OV_FACE_DOT_SEL_PX
13155	13155	constant	-	OV_MAX_FACE_TINT
13156	13156	constant	-	OV_FACE_CORNER_ID_PX
13157	13157	constant	-	OV_MAX_FACE_CORNER_ID_TRIS
13158	13158	constant	-	OV_FACE_CORNER_HUE_STEP_DEGREES
13159	13159	constant	-	OV_FACE_CORNER_CHROMA_BYTE
13160	13160	constant	-	OV_FACE_CORNER_VALUE_BYTE
13162	13162	constant	-	OV_LC_ACCENT
13163	13163	constant	-	OV_LC_HANDLE_PX
13169	13169	constant	-	STAGE_TILE_M
13170	13170	constant	-	STAGE_TILES
13171	13171	constant	-	STAGE_FINE_DIV
13172	13172	constant	-	STAGE_AXIS_M
13173	13173	constant	-	STAGE_PANEL
13174	13174	constant	-	STAGE_PANEL_CENTER
13175	13175	constant	-	STAGE_LINE
13176	13176	constant	-	STAGE_FINE_LINE
13177	13177	constant	-	STAGE_AXIS_ALPHA
13181	13218	constant	-	STAGE_SCALE_CUE
13222	13243	constant	-	STAGE_MEASUREMENT_CUE
13245	13249	constant	-	StageMeasurementFrame
13250	13250	variable	-	g_stage_measurement_frame
13259	13259	constant	-	COMPASS_R_PX
13260	13260	constant	-	COMPASS_MARGIN_PX
13261	13261	constant	-	COMPASS_ARM_PX
13262	13262	constant	-	COMPASS_DOT_PX
13263	13263	constant	-	COMPASS_DOT_NEG_PX
13264	13264	constant	-	COMPASS_RING_GAP_PX
13265	13265	constant	-	COMPASS_HIT_PX
13266	13266	constant	-	COMPASS_MIN_PANE_PX
13267	13267	constant	-	COMPASS_BACK
13268	13268	constant	-	COMPASS_RIM
13269	13269	constant	-	COMPASS_TEXT
13270	13270	constant	-	COMPASS_AWAY_FADE
13280	13280	constant	-	OV_DEPTH_HUE_PERIOD_M
13281	13283	function	-	ovDepthColor
13285	13288	function	-	overlayDot
13290	13293	function	-	overlayLine
13295	13301	function	-	axisVec
13302	13308	function	-	axisColor
13309	13311	function	-	vadd
13312	13314	function	-	vsub
13315	13317	function	-	vmul
13318	13320	function	-	vdot
13321	13323	function	-	vcross
13324	13328	function	-	vnorm
13329	13331	function	-	worldUnitsPerPixel
13338	13338	constant	-	AxisScreen
13339	13341	function	-	axisScreenInfo
13345	13347	function	-	gizmoFaceOnPxPerUnit
13353	13355	function	-	gizmoAxisGrabbable
13357	13359	function	-	gizmoArmEnd
13360	13372	function	-	segDist2
13373	13377	function	-	ringBasis
13384	13391	function	-	gizmoRingWorldR
13392	13410	function	-	drawGizmoRing
13411	13430	function	-	ringHitDist2
13435	13463	function	-	drawMirrorPlanesOverlay
13466	13469	function	-	gizmoAxisDrawColor
13472	13478	function	-	drawGizmoArrowHead
13480	13487	function	-	drawGizmoSquare
13488	13556	function	-	drawGizmoOverlay
13562	13609	function	pub	meshGizmoHit
13619	13619	variable	-	g_bd_pos
13620	13620	variable	-	g_bd_active
13621	13621	variable	-	g_bd_raw
13622	13622	variable	-	g_bd_applied
13623	13623	variable	-	g_bd_pos0
13626	13628	function	pub	bdGizmoSet
13630	13633	function	pub	bdGizmoClear
13634	13636	function	pub	bdGizmoActive
13637	13639	function	pub	bdGizmoPos
13642	13665	function	pub	bdGizmoHit
13666	13671	function	pub	bdGizmoBegin
13674	13687	function	pub	bdGizmoDrag
13688	13690	function	pub	bdGizmoFinish
13693	13709	function	-	drawBdGizmoOverlay
13717	13717	constant	-	GIZMO_STEP_M
13718	13718	constant	-	GIZMO_STEP_FINE_M
13719	13719	constant	-	GIZMO_STEP_ROT
13720	13720	constant	-	GIZMO_STEP_ROT_FINE
13721	13721	constant	-	GIZMO_STEP_SCALE
13722	13722	constant	-	GIZMO_STEP_SCALE_FINE
13723	13723	variable	-	g_gizmo_raw
13724	13724	variable	-	g_gizmo_applied
13725	13725	variable	-	g_gizmo_pivot0
13726	13726	variable	-	g_gizmo_readout
13727	13727	variable	-	g_gizmo_readout_len
13728	13728	variable	-	g_gizmo_active
13729	13729	variable	-	g_gizmo_cursor
13730	13730	variable	-	g_gizmo_start_dist
13734	13734	variable	-	g_gizmo_snap_ref0
13735	13735	variable	-	g_gizmo_snap_marker
13736	13736	constant	-	GIZMO_SNAP_PX
13738	13743	function	-	snapStep
13745	13751	function	-	setGizmoReadout
13756	13776	function	-	selectionSnapReference
13778	13778	constant	-	VertexLock
13785	13815	function	-	vertexSnapAlongAxis
13818	13825	function	-	gizmoDragReset
13827	13955	function	pub	meshGizmoDrag
13957	13964	function	pub	meshGizmoNudge
13969	13982	function	pub	meshGizmoScaleBy
13988	14002	function	pub	meshAlignLoop
14004	14010	function	pub	meshTransformTranslate
14012	14018	function	pub	meshTransformScaleAxis
14020	14026	function	pub	meshTransformRotateAxis
14029	14032	function	-	ovProject
14037	14040	function	-	overlayLayerBreak
14042	14052	function	-	drawMarqueeOverlay
14055	14059	function	-	stageLine
14063	14081	function	-	drawStagePanels
14084	14105	function	-	drawStageLines
14107	14111	function	-	stageScaleCameraRight
14113	14115	function	-	stageScalePoint
14117	14124	function	-	stageScaleRulerOrigin
14126	14128	function	-	stageScaleMannequinOrigin
14130	14136	function	-	stageScaleMarkColor
14138	14140	function	-	stageScaleTickEnd
14142	14146	function	-	stageScalePointInViewport
14150	14186	function	-	drawStageScaleMannequin
14190	14215	function	-	drawStageScaleCue
14217	14220	function	-	drawStageScaleLabel
14224	14235	function	-	drawStageScaleText
14237	14239	function	-	stageMeasurementMidpoint
14241	14256	function	-	drawStageMeasurementBox
14258	14265	function	-	drawStageMeasurementTick
14270	14323	function	-	drawStageMeasurements
14325	14331	function	-	stageMeasurementSubjectLabel
14333	14337	function	-	drawStageMeasurementLabel
14339	14367	function	-	drawStageMeasurementText
14370	14378	function	-	selectionFaceMaskAlloc
14380	14391	function	-	drawFaceSemanticDot
14395	14422	function	-	drawFaceTintOverlay
14426	14459	function	-	drawRetopoBandOverlay
14465	14483	function	-	drawRetopoSourceGhost
14484	14484	constant	-	FaceDotAcc
14487	14540	function	-	drawFaceDotsOverlay
14541	14563	function	-	faceCornerIdentityColor
14566	14586	function	-	drawFaceCornerIdentityOverlay
14590	14601	function	-	drawWireEdgesOverlay
14606	14656	function	-	drawEdgeOverlay
14657	14657	constant	-	LcHandleGeom
14663	14681	function	-	lcHandleGeom
14685	14697	function	-	drawLoopCutOverlay
14700	14709	function	pub	meshLcHandleHit
14722	14756	function	pub	meshLcHandleDrag
14759	14759	constant	-	CompassEnd
14760	14760	constant	-	CompassGeom
14762	14764	function	-	compassVisible
14769	14787	function	-	compassGeom
14792	14821	function	-	drawCompassBall
14826	14844	function	-	drawCompassText
14849	14871	function	pub	meshCompassHit
14876	14893	function	pub	meshCompassSnap
14895	14927	function	-	drawHistoricalPreviewSelection
14937	15077	function	pub	drawEditorOverlay
15079	15084	function	pub	meshEditBox
15086	15088	function	pub	meshEditSnapshot
15089	15091	function	pub	meshEditRevert
15093	15096	function	pub	meshEditSelectFace
15102	15115	function	pub	characterRigSelectFaces
15117	15120	function	pub	meshEditSelectVertex
15123	15126	function	pub	meshEditSelectUvOrientation
15128	15131	function	pub	meshEditSelectGroupRange
15134	15136	function	pub	meshEditSetScope
15140	15142	function	pub	meshEditSetScopeRanges
15146	15151	function	pub	meshEditSetFaceGroups
15156	15161	function	pub	meshEditInferQuadFaceGroups
15165	15171	function	pub	meshEditSetFaceMaterials
15175	15181	function	pub	meshEditSetFaceSemantics
15183	15186	constant	pub	MeshSemanticRestoreResult
15192	15231	function	pub	meshSemanticRestoreFromDocument
15236	15270	function	pub	meshSemanticAssignSelection
15275	15349	function	pub	meshEdgeSemanticAssignSelection
15353	15373	function	pub	meshEdgeSemanticSelect
15387	15411	function	pub	meshSemanticRegionEdit
15417	15458	function	pub	meshSemanticBootstrapAxes
15462	15499	function	pub	meshSemanticNamePrimitive
15506	15551	function	pub	meshSemanticStampPartRanges
15553	15558	constant	-	SemanticPerceptAggregate
15566	15566	variable	-	g_audit_facts
15573	15573	constant	-	AuditKey
15574	15574	variable	-	g_audit_key
15576	15579	function	-	invalidateMeshAudit
15581	15615	function	-	meshAuditFacts
15617	15713	function	pub	meshSemanticStateJson
15715	15715	constant	pub	MeshSelectorKind
15716	15730	constant	pub	MeshSelectorQuery
15734	15734	constant	pub	MeshSelectorResult
15736	15740	function	-	selectorHasRegion
15742	15745	function	-	triangleCentroidAxis
15747	15751	function	-	centroidsCoincide
15756	15877	function	pub	meshSelectQuery
15893	15943	function	pub	meshSelectSplitPoints
15947	15947	constant	pub	AuditSelectKind
15957	16014	function	pub	meshSelectAuditFaces
16019	16041	function	pub	meshTextureSlotAssign
16044	16071	function	pub	meshTextureSlotRemove
16073	16081	function	pub	meshTextureSlotSelect
16086	16116	function	pub	meshEditSetPartRanges
16119	16128	function	pub	meshGroupFaceCount
16132	16151	function	pub	meshPaintGroupRange
16156	16196	function	pub	meshPaintSelection
16198	16200	function	pub	meshEditSelectEdge
16204	16238	function	pub	meshEditElementsJson
16243	16246	function	pub	meshEditSelectionJson
16248	16272	function	-	retopoBandPlanJson
16274	16318	function	-	retopoManualBandsJson
16322	16341	function	pub	meshRetopoBandsPlanJson
16343	16362	function	pub	meshRetopoBandsPlanRailsJson
16364	16366	function	pub	meshRetopoBandsReadJson
16368	16375	function	pub	meshRetopoBandsClear
16379	16388	function	pub	meshRetopoSourceGhostVisible
16390	16399	function	pub	meshRetopoSourceGhostJson
16404	16445	function	pub	meshRetopoBandTintSelection
16449	16459	function	pub	meshRetopoBandSelect
16464	16467	function	pub	meshFollowPatchJson
16472	16472	constant	pub	MeshWalkRequest
16473	16476	function	pub	meshWalkPlanJson
16477	16480	function	pub	meshWalkApply
16486	16488	function	pub	meshFollowActionDrainJson
16489	16492	function	pub	meshEditReset
16496	16499	function	pub	meshEditCounts
16504	16531	function	pub	paintAt
16536	16539	function	pub	setPaintMaterial
16540	16543	function	pub	clearPaintMaterial
16544	16546	function	pub	hasPaintMaterial
16551	16553	function	pub	paintProgramRead
16556	16558	function	pub	paintProgramBaseline
16563	16578	function	pub	paintProgramApply
16582	16590	function	pub	paintProgramApplyOverBase
16598	16613	function	pub	paintStrokeEnd
16617	16623	function	pub	paintStrokeUndo
16624	16630	function	pub	paintStrokeRedo
16631	16633	function	pub	paintHistoryCounts
16634	16636	function	pub	paintUndoLabel
16637	16639	function	pub	paintRedoLabel
16643	16643	constant	pub	PaintLayerInfo
16644	16646	function	pub	paintLayerCount
16647	16649	function	pub	paintLayerAt
16650	16652	function	pub	paintActiveLayer
16653	16659	function	pub	paintLayerAdd
16660	16668	function	pub	paintLayerDelete
16669	16677	function	pub	paintLayerMove
16678	16684	function	pub	paintLayerSetVisible
16685	16689	function	pub	paintLayerSetActive
16690	16696	function	pub	paintLayerRename
16697	16705	function	pub	paintLayerMergeDown
16709	16714	function	pub	applyPaintColors
16718	16718	constant	pub	DEFAULT_FACE
16722	16729	function	pub	paintFaceByIndex
16733	16764	function	pub	setPaintBase
16767	16769	function	pub	paintFaceCount
16779	16779	variable	-	g_paint_mode
16780	16780	variable	-	g_locked_face
16784	16787	function	pub	paintModeSet
16791	16799	function	pub	paintStrokeBegin
16806	16806	constant	pub	BrushShape
16808	16812	function	-	stampGroup
16820	16849	function	-	stampGroupMirrored
16857	16875	function	pub	paintStampAt
16881	16918	function	pub	paintPolygonAt
16924	16937	function	pub	setPaintDetail
16944	16963	function	pub	refreshPaintLayout
16968	16979	function	pub	setPaintFit
16984	16984	constant	pub	PaintEstimate
16985	16987	function	pub	estimatePaintAtlas
16990	16992	function	pub	estimatePaintAtlasFit
16995	16997	function	pub	paintIslands
17001	17001	constant	pub	PaintUvTriangle
17002	17004	function	pub	paintUvTriangle
17005	17007	function	pub	paintUvCornerVertices
17012	17014	function	pub	paintFaceGroup
17019	17027	function	pub	paintIslandSelected
17028	17030	function	pub	paintFaceSelected
17036	17043	function	pub	meshEditSelectPaintIslands
17048	17063	function	pub	meshEditSelectPaintIsland
17070	17086	function	pub	applyUvIslandRects
17091	17103	function	pub	applyUvCornerGeometry
17108	17122	function	pub	applyUvCornerGeometryJournaled
17127	17134	function	pub	restoreUvIslandShapesJournaled
17139	17146	function	pub	autoUvIslandSizesJournaled
17152	17161	function	pub	projectUvFromViewJournaled
17169	17174	function	-	opaqueImportCopy
17179	17188	function	pub	replacePaintAtlas
17190	17205	function	pub	replacePaintAtlasJournaled
17213	17225	function	pub	importPaintAtlas
17227	17243	function	pub	importPaintAtlasJournaled
17251	17261	function	pub	resizePaintAtlas
17263	17279	function	pub	resizePaintAtlasJournaled
17284	17317	function	pub	compilePaintAtlasWorkspace
17324	17324	constant	pub	PaintAtlas
17325	17328	function	pub	paintAtlas
17332	17332	constant	pub	PaintVariantUvCoverage
17333	17335	function	pub	paintVariantUvCoverage
17339	17346	function	pub	samplePaintAt
17350	17353	function	pub	paintAtlasPalette
17358	17362	function	pub	paintedMeshVerts
17365	17388	function	pub	applyPaintAtlas
17393	17395	function	pub	paintTintSuspend
17396	17398	function	pub	paintTintResume
17400	17400	variable	-	g_dbg_frame
17430	17430	constant	-	MAX_DYN_VERTS
17435	17435	constant	-	DYN_REGION_VERTS
17439	17439	constant	-	DYN_META_SLOTS
17446	17451	comptime_block	-	(anon)
17453	17460	constant	-	DynSlot
17461	17461	variable	-	g_dyn_slots
17462	17462	variable	-	g_dyn_len
17463	17463	variable	-	g_dyn_bump_verts
17464	17464	variable	-	g_dyn_warned
17472	17472	constant	-	MAX_INSTANCES
17473	17473	constant	-	MAX_SCENE_MESHES
17478	17478	variable	-	g_inst_scratch
17488	17488	constant	pub	MAX_STATIC_INSTANCES
17489	17489	constant	-	STATIC_INST_CACHE_LEN
17490	17490	constant	-	StaticInstEntry
17491	17491	variable	-	g_static_inst_buf
17492	17492	variable	-	g_static_inst_top
17493	17493	variable	-	g_static_inst_cache
17494	17494	variable	-	g_static_inst_cache_len
17500	17500	variable	-	g_static_inst_cap
17501	17501	variable	-	g_slim_static_cap
17509	17509	variable	-	g_slim_static_buf
17510	17510	variable	-	g_slim_static_top
17511	17511	variable	-	g_slim_static_cache
17512	17512	variable	-	g_slim_static_cache_len
17515	17515	variable	-	g_slim_inst_scratch
17517	17524	constant	pub	StaticInstanceMemoryStats
17530	17543	function	pub	staticInstanceMemoryStats
17549	17549	variable	-	g_static_retain_warned
17550	17550	variable	-	g_frame_pool_warned
17552	17556	function	-	staticRetainWarn
17558	17562	function	-	framePoolWarn
17570	17603	function	-	growStaticPool
17610	17622	function	-	staticCacheSlot
17628	17628	variable	-	g_pipeline
17632	17632	variable	-	g_pipeline_transparent
17638	17638	variable	-	g_grass_pipeline
17644	17644	variable	-	g_water_pipeline
17649	17649	variable	-	g_frond_pipeline
17655	17655	variable	-	g_ground_pipeline
17656	17656	variable	-	g_ground_formula_hash
17657	17657	variable	-	g_ground_bgl
17658	17658	constant	-	GROUND_POOL
17662	17662	constant	-	GROUND_DATA_FLOATS
17663	17663	variable	-	g_ground_truncate_warned
17664	17664	variable	-	g_ground_data_buf
17665	17665	variable	-	g_ground_data_bg
17666	17666	variable	-	g_ground_data_ptr
17667	17667	variable	-	g_ground_data_version
17668	17668	variable	-	g_ground_data_len
17672	17672	variable	-	g_ground_grid_vbuf
17673	17673	variable	-	g_ground_grid_vert_count
17685	17685	variable	-	g_ground_inst_buf
17695	17695	variable	-	g_region_pipeline
17696	17696	variable	-	g_region_built_hash
17697	17697	variable	-	g_region_formula
17698	17698	constant	-	REGION_POOL
17699	17699	constant	-	REGION_DATA_FLOATS
17700	17718	constant	-	RegionSlot
17719	17719	variable	-	g_regions
17720	17720	variable	-	g_region_data_buf
17721	17721	variable	-	g_region_data_bg
17722	17722	variable	-	g_region_inst_buf
17728	17732	function	pub	setRegionFormula
17739	17786	function	pub	setRegion
17792	17832	function	pub	setRegionSlotBound
17837	17847	function	pub	clearRegions
17853	17855	function	pub	regionsBoundForKey
17857	17863	function	-	regionCountForKeyHash
17871	17893	function	-	regionLightRgb
17894	17894	variable	-	g_vertex_buffer
17895	17895	variable	-	g_retained_vbuf
17896	17896	variable	-	g_instance_buf
17897	17897	variable	-	g_slim_inst_buf
17898	17898	variable	-	g_uniform_buffer
17903	17903	variable	-	g_lights_buf
17907	17907	variable	-	g_shadow_tex
17908	17908	variable	-	g_shadow_view
17909	17909	variable	-	g_shadow_sampler
17910	17910	variable	-	g_shadow_uniform_buf
17911	17911	variable	-	g_shadow_pipeline
17912	17912	variable	-	g_shadow_inst_buf
17913	17913	variable	-	g_shadow_vp_buf
17914	17914	variable	-	g_shadow_pass_bind_group
17915	17915	variable	-	g_bind_group
17916	17916	variable	-	g_bind_group_layout
17917	17917	variable	-	g_tex_bind_group_layout
17921	17921	variable	-	g_sky_pipeline
17922	17922	variable	-	g_sky_uniform_buffer
17923	17923	variable	-	g_sky_bind_group
17924	17924	variable	-	g_sky_bind_group_layout
17928	17928	variable	-	g_default_tex
17929	17929	variable	-	g_default_tex_view
17930	17930	variable	-	g_default_tex_bind_group
17934	17934	variable	-	g_glass_aux_tex
17935	17935	variable	-	g_glass_aux_tex_view
17936	17936	variable	-	g_glass_aux_tex_bind_group
17939	17939	variable	-	g_diffuse_sampler
17942	17942	variable	-	g_uv_unbounded_uniform
17943	17943	variable	-	g_uv_finite_uniform
17944	17944	variable	-	g_initialized
17946	17946	variable	-	g_sampler
17970	17972	constant	-	RT_POOL_TUNING
17973	17973	constant	-	MAX_RT_POOL
17974	17982	constant	-	Rt
17983	17983	variable	-	g_rt_pool
17984	17984	variable	-	g_rt_cursor
17987	17987	variable	-	g_rt_pool_warned
17988	17988	variable	-	g_rt_alloc_warned
17993	17993	constant	-	Pending
17994	17994	variable	-	g_pending
17995	17995	variable	-	g_pending_count
17997	18011	constant	pub	TelemetryStats
18012	18012	variable	-	g_telemetry
18014	18019	function	-	recordDraw
18026	18026	constant	-	FOLIAGE_LOD_NEAR_M
18027	18027	constant	-	FOLIAGE_LOD_FAR_M
18028	18028	constant	-	FOLIAGE_LOD_FLOOR
18032	18037	function	-	sphereInFrustum
18043	18052	function	-	drawStaticInstanceRange
18057	18057	variable	-	g_perflog_on
18058	18058	variable	-	g_perf_frame
18059	18061	function	-	perfLogOn
18066	18066	variable	-	g_census_on
18067	18069	function	-	censusOn
18078	18078	variable	-	g_fpshud_on
18079	18079	variable	-	g_last_flush_us
18080	18080	variable	-	g_fps_ema
18081	18083	function	-	fpsHudOn
18085	18103	function	pub	drawFpsHud
18105	18107	function	pub	telemetryStats
18120	18129	constant	-	SkinnedVertex
18131	18135	comptime_block	-	(anon)
18140	18140	constant	-	MAX_SKINNED_VERTS
18141	18141	constant	-	SKIN_GEO_CACHE
18143	18143	constant	pub	SKIN_POOL
18145	18145	constant	-	MAX_SKIN_BONES
18147	18147	constant	-	SKIN_BONE_FLOATS
18149	18149	constant	-	SkinGeoEntry
18150	18150	variable	-	g_skin_geo_cache
18151	18151	variable	-	g_skin_geo_len
18152	18152	variable	-	g_skinned_vbuf
18153	18153	variable	-	g_skinned_top
18154	18154	variable	-	g_skin_bgl
18155	18155	variable	-	g_skin_palette_buf
18156	18156	variable	-	g_skin_palette_bg
18157	18157	variable	-	g_skin_inst_buf
18158	18158	variable	-	g_skinned_pipeline
18159	18159	variable	-	g_skinned_shadow_pipeline
18160	18160	variable	-	g_skin_warned
18161	18161	constant	-	SKIN_PACK_CHUNK
18162	18162	variable	-	g_skin_pack_scratch
18164	18952	function	pub	init
18954	18956	function	pub	getTexBindGroupLayout
18962	18964	function	pub	getDiffuseSampler
18966	18968	function	pub	getUvSamplingUniform
18970	19060	function	pub	deinit
19066	19068	function	pub	frameCleanup
19089	19135	function	pub	resetForReload
19140	19157	function	-	acquireRt
19162	19217	function	-	ensureRt
19219	19221	function	-	max3
19223	19234	function	-	estimateMeshRadius
19253	19253	constant	-	TEX_CACHE_SIZE
19254	19262	constant	-	TexEntry
19263	19263	variable	-	g_tex_cache
19264	19264	variable	-	g_tex_lru_clock
19266	19277	function	-	hashTex
19282	19301	function	-	texFingerprint
19312	19312	constant	-	TEX_HASH_MEMO_LEN
19313	19313	constant	-	TexHashMemo
19314	19314	variable	-	g_tex_hash_memo
19316	19331	function	-	memoHashTex
19333	19338	function	-	dropTexEntry
19340	19436	function	-	getOrCreateTexBindGroup
19444	19444	variable	-	g_paint_tex
19445	19445	variable	-	g_paint_view
19446	19446	variable	-	g_paint_bg
19447	19447	variable	-	g_paint_tex_w
19448	19448	variable	-	g_paint_tex_h
19450	19547	function	-	paintBindGroup
19549	19556	function	-	hashKey
19558	19558	constant	-	GeoSlice
19567	19574	function	-	lookupGeometry
19578	19587	function	-	packVertexRow
19592	19592	constant	-	VERT_PACK_CHUNK
19593	19593	variable	-	g_vert_pack_scratch
19598	19609	function	-	stageVertexRows
19611	19658	function	-	internGeometry
19664	19670	function	-	lookupSkinnedGeometry
19672	19693	function	-	packSkinnedVertexRow
19695	19706	function	-	stageSkinnedVertexRows
19708	19732	function	-	internSkinnedGeometry
19739	19739	constant	-	DynLoc
19740	19756	function	-	dynSlotLocate
19774	19788	function	-	dynEnsureRegion
19791	19793	function	-	existingDyn
19797	19801	function	-	dynWarnFull
19807	19822	function	-	resolveDynamicGeom
19835	19850	function	pub	patchDynSlotById
19859	19859	variable	-	g_hf_scratch
19863	19863	constant	-	HfWave
19864	19866	function	-	hfWaveActive
19867	19873	function	-	hfWaveAt
19876	19876	variable	-	g_hf_wave_heights
19878	19882	function	-	hfHeightAt
19884	19901	function	-	hfNormalAt
19903	19905	function	-	hfPos
19907	19918	function	-	hfPush
19920	19927	function	-	hfSkirt
19933	19933	constant	-	HF_DEPTH_NORM
19934	19939	function	-	hfDepthU
19943	20030	function	-	hfGen
20037	20067	function	-	initGroundGridTopology
20072	20097	function	-	resolveDynamicHeightfield
20103	20108	function	pub	update
20114	20124	function	-	characterRigTickExercise
20127	20158	function	pub	render
20163	20175	function	pub	flushPending
20185	20196	constant	pub	DetachedTarget
20201	20210	function	pub	renderDetached
20217	20239	function	pub	modelShotOffscreen
20245	20275	function	-	drawSky
20281	20285	function	-	quantAngleU16
20291	20298	function	-	makeInstance
20305	20318	function	-	makeSlimInstance
20320	20320	constant	-	StaticInstDraw
20338	20366	function	-	stageStaticInstanceBytes
20368	20421	function	-	resolveStaticInstances
20428	20451	function	-	stageStaticSlimBytes
20453	20497	function	-	resolveStaticSlimInstances
20503	20591	function	-	ensureGroundPipeline
20599	20676	function	-	ensureRegionPipeline
20678	22072	function	-	drawScene
22081	22127	constant	-	DocState
22129	22132	comptime_block	-	(anon)
22134	22137	function	-	docStateSave
22139	22142	function	-	docStateLoad
22144	22150	function	-	docStateReset
22152	22158	constant	pub	ModelSession
22160	22160	variable	-	g_model_sessions
22161	22161	variable	-	g_model_session_token
22163	22165	function	pub	modelSessionActiveToken
22167	22174	constant	-	ModelWriteIdentityRequestV1
22176	22183	constant	-	ModelWriteLeaseReleaseRequestV1
22185	22195	constant	-	ModelDocumentAdoptRequestV1
22197	22210	constant	-	ModelFieldCandidateRequestV1
22212	22222	constant	-	ModelDocumentRollbackRequestV1
22224	22228	function	-	sha256Hex
22230	22247	function	-	modelWriteIdentity
22249	22254	function	-	modelWriteIdentityIsResident
22256	22271	function	-	leaseRefusedJsonAlloc
22274	22316	function	pub	modelWriteLeaseAcquireJsonAlloc
22323	22405	function	pub	modelFieldCandidateJsonAlloc
22410	22410	constant	pub	ModelDocumentFinalizeReceipt
22417	22429	function	pub	modelDocumentFinalize
22431	22507	function	pub	modelWriteLeaseReleaseJsonAlloc
22509	22561	function	-	rollbackAdoptedJournalAction
22565	22707	function	pub	modelDocumentAdoptBytesJsonAlloc
22712	22761	function	pub	modelDocumentRollbackJsonAlloc
22763	22763	constant	-	HistoricalPreviewDegradationWireV1
22765	22775	constant	-	HistoricalPreviewOpenRequestV1
22777	22781	constant	-	HistoricalPreviewReleaseRequestV1
22783	22802	function	-	historicalPreviewDegradationsAlloc
22804	22873	function	pub	historicalPreviewOpenJsonAlloc
22875	22896	function	pub	historicalPreviewReleaseJsonAlloc
22898	22900	function	pub	historicalPreviewActive
22902	22905	constant	-	FaceObjectPublicationRowV1
22907	22913	constant	-	FaceObjectPublicationV1
22915	22918	constant	-	FaceSessionIdentityRequestV1
22920	22926	constant	-	FacePlaneRequestV1
22928	22933	constant	-	FaceAddressRequestV1
22935	22940	constant	-	FaceSelectTargetRequestV1
22942	22949	constant	-	FaceSelectRequestV1
22951	22959	constant	-	FaceSeekRequestV1
22961	22961	constant	-	FacePlaneKind
22963	22976	function	-	facePlaneKind
22978	22997	function	-	faceAddressView
22999	23003	function	pub	modelDocumentTokenForId
23005	23008	function	-	faceSessionTokenMatches
23010	23012	function	-	faceSessionTokenText
23014	23033	function	-	faceRecoveryErrorJsonAlloc
23035	23037	function	-	objectNamespaceHash
23042	23064	function	pub	meshSessionIdentityJsonAlloc
23069	23114	function	pub	meshPublishObjectIdsJsonAlloc
23116	23141	function	-	semanticRegionName
23143	23220	function	-	residentFaceAnalysisJobAlloc
23222	23253	function	-	residentFacePlaneHashAlloc
23255	23258	constant	-	ResidentAnalysisLookup
23260	23270	function	-	residentAnalysisErrorAlloc
23272	23310	function	-	residentFaceAnalysisLookup
23312	23324	function	-	faceRequestIsDiff
23326	23338	function	-	diffQueryErrorJsonAlloc
23340	23448	function	-	meshFaceDiffJsonAlloc
23450	23497	function	pub	meshFaceTableJsonAlloc
23501	23509	function	pub	meshFaceAnalysisReadyJsonAlloc
23511	23514	function	pub	meshFaceAnalysisStop
23516	23559	function	-	faceSelectFaceReceiptJsonAlloc
23561	23583	function	-	faceSelectBuildIssueReceiptJsonAlloc
23588	23732	function	pub	meshFaceSelectJsonAlloc
23737	23834	function	pub	meshFaceSeekJsonAlloc
23838	23840	function	pub	modelSessionResident
23842	23847	function	-	findModelSession
23849	23858	function	-	modelSessionRecord
23866	23893	function	pub	modelSessionSelect
